Title,URL,Text
"Tahanan Lapas Sukamiskin Mardani Maming bebas plesiran, benarkah?",https://www.antaranews.com/berita/3978723/tahanan-lapas-sukamiskin-mardani-maming-bebas-plesiran-benarkah,"Jakarta (ANTARA/JACX) - Terpidana kasus korupsi Mardani H Maming, terekam dalam sebuah video tengah berada di Bandara Syamsudin Noor, Banjarmasin.

Kemunculan mantan Bupati Tanah Bumbu di Bandara Banjarmasin diklaim sebagai kejadian yang berlangsung belum lama ini.

""tahanan Korupsi di Sukamiskin, Mardani H Maming Bebas 'Plesiran' dari Banjarmasin ke Surabaya,"" demikian isi narasi yang beredar di X (Twitter) pada 21 Februari 2024.

Padahal, sejak September 2023, Komisi Pemberantasan Korupsi (KPK) memutuskan untuk menjadikan Mardani Maming sebagai tahanan Lapas Sukamiskin, Jawa Barat.

Saat itu, vonis terhadap mantan Bendahara Umum Pengurus Besar Nahdlatul Ulama tersebut telah berkekuatan hukum tetap, sehingga harus ditahan. 

Menurut putusan Mahkamah Agung (MA), Maming terbukti bersalah melakukan tindak pidana yang diatur dalam pasal 12 huruf b Jo Pasal 18 UU Tipikor, sehingga diganjar dengan pidana penjara badan selama 12 tahun dikurangi lamanya masa penahanan saat proses penyidikan berjalan.

Lalu, benarkah dalam video itu tahanan Lapas Sukamiskin Mardani Maming bebas plesiran?
 

Tangkapan layar narasi hoaks yang menyatakan tahanan Lapas Sukamiskin Mardani Maming bebas plesiran (X)



Penjelasan:
Kemenkumham telah mengklarifikasi informasi soal kehadiran Mardani H Maming di Bandara Banjarmasin itu. 

Koordinator Humas Direktorat Jenderal Pemasyarakatan Kementerian Hukum dan HAM Edward Pagar Alam membenarkan bahwa sosok yang terekam di video tersebut adalah terpidana kasus korupsi Mardani H Maming.

Namun, dalam video itu, Mardani Maming tidak sedang plesiran. 

""Yang bersangkutan secara resmi menghadiri sidang Peninjauan Kembali di PN Banjarmasin,” kata Edward Pagar Alam sebagaimana dijelaskan dalam berita ANTARA.

Edward menegaskan perjalanan Mardani itu mendapatkan pengawalan dari petugas kepolisian dan petugas lapas. 

“Dengan pengawalan dari petugas kepolisian dan petugas lapas. Demikian,"" jelas dia.

Klaim: Tahanan Lapas Sukamiskin Mardani Maming bebas plesiran
Rating: Misinfromasi"
Benarkah Pertamina larang beli BBM subsidi jika telat bayar pajak?,https://www.antaranews.com/berita/3993411/benarkah-pertamina-larang-beli-bbm-subsidi-jika-telat-bayar-pajak,"Sebuah unggahan Facebook yang menampilkan foto pengisian BBM di Pertamina yang diberi narasi peraturan baru Pertamina, dilarang mengisi BBM bersubsidi jika telat membayar pajak.

Berikut narasi dalam unggahan tersebut yang beredar pada awal Maret 2024 itu :
“Peraturan Baru: Dilarang Isi Bensin Kalau Telat Bayar Pajak”

Namun, benarkah Pertamina larangan beli BBM subsidi jika telat bayar pajak pada Februari 2024?

 

Unggahan yang menarasikan Pertamina larangan beli BBM subsidi jika telat bayar pajak pada Februari 2024. CSR Pertamina Patra Niaga Wilayah Jawa Timur, Bali, dan Nusa Tenggara, Ahad Rahedi menyampaikan hal itu masih sebatas usulan dan belum diterapkan. (Facebook)



Berdasarkan penelusuran, belum ada informasi resmi mengenai peraturan tersebut. Namun, pada November 2023 PT Pertamina mengusulkan kepada pemerintah daerah di Bali agar penunggak pajak kendaraan bermotor tidak mengonsumsi bahan bakar minyak (BBM) bersubsidi.

Mekanismenya, dilansir dari ANTARA, penunggak pajak yang mendatangi stasiun pengisian bahan bakar umum (SPBU) untuk membeli BBM, tidak diperkenankan mengisi BBM subsidi.

Saat ini, sistem serupa mulai diterapkan di Lampung dan Jawa Barat. Rencananya, Pertamina Patra Niaga melakukan penjajakan kepada pemerintah daerah di Jawa Timur dan Bali.

Dilansir dari Kominfo, Corporate Secretary PT. Pertamina Patra Niaga, Irto Ginting mengatakan belum ada aturan nasional yang melarang pembelian BBM bersubsidi jika telat membayar pajak kendaraan. Selain itu, pajak kendaraan bermotor dikelola oleh pemerintah provinsi sehingga kebijakan terkait pajak kendaraan merupakan wewenang Pemerintah Daerah (Pemda). 

Manajer Komunikasi dan CSR Pertamina Patra Niaga Wilayah Jawa Timur, Bali, dan Nusa Tenggara, Ahad Rahedi juga menyampaikan bahwa pada November 2023 pihaknya sempat mengusulkan agar Pemda di Bali melarang penunggak pajak kendaraan bermotor membeli Bahan Bakar Minyak (BBM) subsidi, tetapi hal itu masih sebatas usulan dan belum diterapkan."
Hoaks! Rekaman suara Prabowo sebut orang Indonesia harus bodoh,https://www.antaranews.com/berita/3976509/hoaks-rekaman-suara-prabowo-sebut-orang-indonesia-harus-bodoh,"Sebuah unggahan video beredar dimedia sosial yang menampilkan foto Prabowo sedang duduk usai acara debat calon presiden.

Dalam video tersebut terdapat rekaman Prabowo seperti berbicara dengan seseorang. Pembicaraan dalam rekaman tersebut seputar pemimpin Indonesia tidak boleh bersih dan kuat agar rakyat Indonesia tetap bodoh.

Berikut transkrip percakapan Prabowo dalam video tersebut:
“Jadi saya pikir, saya mau konsentrasi kepada program ini. Jadi Indonesia nggak boleh punya pemimpin yang bersih dan kuat. Itu tidak boleh. Indonesia harus dipelihara dalam posisi sekarang sebagai pasar sumber bahan baku. Indonesia yaa orang Indonesia itu pelayan dan itu intinya itu Indonesia. Indonesia harus bodoh, pelayan, kacung. Orang Indonesia ini mau dipelihara sebagai kacung, pesuruh, kamu boleh TKI, kamu boleh kerja di kebun-kebun saya, memetik kamu boleh, jadi tukang sapu, jadi pembantu dikeluarga saya,”

Berikut narasi dalam unggahan tersebut:
“Rekaman suara Pak Prabowo 
yakin dengan pilihan kalian setelah dengarkan rekaman ini
pantas orang-orang Indonesia diluar negeri, sedangkan orang asing dipekerjakan di Indonesia dengan gaji yang tinggi”

Namun, benarkah rekaman suara tersebut?

 

Unggahan video hoaks yang menarasikan rekaman suara Prabowo sebut orang Indonesia harus bodoh. Faktanya, rekaman tersebut merupakan hasil AI. (X)



Berdasarkan penelusuran ANTARA, video tersebut serupa dengan unggahan YouTube TV One yang berjudul “Satu Jam Lebih Dekat Bersama Prabowo | tvOne” yang diunggah 18 Desember 2023 namun dalam videonya terdapat tulisan tayangan ulang 15 September 2014.

Berikut transkrip lengkapnya:

“Saya mau konsentrasi pada program, ini kita sekarang tinggal 21 hari, sudah saya mau bicara pemikiran saya kalau ditanya, kalau enggak ditanya saya datang kerakyat. Ya, terserah nanti rakyat yang menilai. Jadi, orang-orang yang negative campaign atau black campaign itu menurut saya ada beberapa kelompok yang memang sebetulnya antek dari pada kekuatan asing. Jadi, Indonesia ini enggak boleh punya pemimpin yang bersih dan kuat, itu tidak boleh. Indonesia harus dipelihara dalam posisi sekarang sebagai pasar, sumber bahan baku, orang Indonesia itu pelayan. Intinya itu, Indonesia pelayan, Indonesia harus bodoh pelayan, kacung. Nah, saya tidak mau itu. Saya tidak mau negara saya jadi kacung. Saya mau bersahabat dengan seluruh negara tapi negara saya bukan negara kacung. Jadi, feeling saya ini ada rasialisme terhadap kita, terhadap orang Indonesia,” kata Prabowo. 

Jadi, rekaman suara tersebut merupakan hasil potongan dari video 30 menit yang dipotong tidak sesuai dengan konteks aslinya.
 Rekaman suara Prabowo sebut orang Indonesia harus bodoh
 Hoaks"
Disinformasi! Foto Jokowi salam dua jari dukung Prabowo-Gibran,https://www.antaranews.com/berita/3945381/disinformasi-foto-jokowi-salam-dua-jari-dukung-prabowo-gibran,"Sebuah unggahan video dimedia sosial TikTok menampilkan foto Presiden Joko Widodo sedang berfoto diatas panggung dengan latar Monumen Nasional (Monas) serta salam dua jari.

Berikut narasi dalam unggahan tersebut:
“KETIKA RAJA TERAKHIR TURUN GUNUNG “GAME IS OVER” PRABOWO GIBRAN AUTO SEKALI PUTARAN”

Namun, benarkah Foto Jokowi salam dua jari dukung Prabowo-Gibran tersebut?

Unggahan disinformasi yang mengklaim foto Jokowi salam dua jari di kampanye Prabowo-Gibra. Faktanya, foto tersebut merupakan saat Jokowi melepas peserta acara gerak jalan 2014 lalu. (TikTok)



Berdasarkan penelusuran, foto tersebut serupa dengan unggahan ANTARA yang berjudul “Kubu Jokowi bantah kampanye di Monas”. Foto tersebut dinarasikan Jokowi memberikan salam dua jari saat melepas ribuan peserta acara Gerak Jalan Revolusi Mental di Kawasan Monas, 2014 lalu.

Koordinator Staf Khusus Presiden Ari Dwipayana mengatakan Presiden Joko Widodo hingga saat ini belum ada rencana berkampanye meskipun Undang-Undang Pemilu memperbolehkan keterlibatan Presiden dalam kampanye.

""Meskipun diperbolehkan UU Pemilu, sampai saat ini, Presiden Jokowi belum ada rencana berkampanye,"" kata Ari, dilansir dari ANTARA.
 Foto Jokowi salam dua jari dukung Prabowo-Gibran
 Disinformasi"
"Cek fakta, benarkah klaim Ganjar cegah stunting sejak dalam kandungan?",https://www.antaranews.com/berita/3947529/cek-fakta-benarkah-klaim-ganjar-cegah-stunting-sejak-dalam-kandungan,"Jakarta (ANTARA/JACX)Calon presiden nomor urut tiga Ganjar Pranowo menyebut untuk mencegah stunting dapat dilakukan dengan memberikan gizi sejak anak dalam kandungan.

""Kalau ngasih makanannya untuk mencegah stunting saya sama sekali tidak setuju karena itu terlambat. Stunting ditangani sejak dalam kandungan, ibunya yang dikasih gizi, ibunya sehat anaknya pertumbuhannya dilihat. Kalau bapak kasih makan ke ibu hamil saya baru setuju pak, indeks kita bagus anaknya akan bagus. Kalau sudah lahir itu gizi buruk jangan sampai confuse itu gizi buruk, jangan sampai terjadi obesitas itu lebih berbahaya lagi. Ini yang kira-kira bisa dilakukan jadi mengatasi stunting sejak ibu hamil"" kata Ganjar ketika ditanya Prabowo terkait program yang diusungnya, yakni pemberian makan dan susu pada anak dalam debat kelima yang diselenggarakan oleh Komisi Pemilihan Umum (KPU) di Jakarta, Ahad. 

Benarkah klaim tersebut? 


Berdasarkan laman Direktorat Jenderal Pelayanan Kesehatan Kementerian Kesehatan, langkah pencegahan stunting yang dilaksanakan oleh Kemenkes RI termasuk di dalamnya adalah memenuhi kebutuhan gizi sejak hamil. Tindakan tersebut relatif ampuh karena Lembaga Kesehatan Millenium Challenge dalam laporan Kementerian Kesehatan menyarankan agar ibu yang sedang mengandung selalu mengonsumsi makanan sehat dan bergizi maupun suplementasi. 

Menurut Associate Professor, Data Science Program Monash University Indonesia & Co-director Monash Data and Democracy Research Hub, Derry Wijaya, berdasarkan sebuah penelitian terkait pengaruh faktor ibu dan anak terhadap stunting, status gizi selama periode perinatal dan asupan gizi pasca-maternitas menjadi faktor penting untuk mencegah stunting. 

Ibu yang melahirkan dengan selang waktu yang relatif pendek, status gizi yang tidak memadai selama kehamilan, kenaikan berat badan yang tidak sesuai selama kehamilan, dan mengalami penyakit menular selama kehamilan merupakan indikator yang secara signifikan berkontribusi pada pembentukan faktor-faktor maternal yang menyebabkan stunting. 

Anak dengan berat lahir rendah, lahir prematur, tidak hanya diberi ASI secara eksklusif, konsumsi susu formula setelah 6 bulan yang tidak sesuai dengan dosis yang dianjurkan, dan sering mengalami penyakit menular yang parah adalah indikator yang secara signifikan berkontribusi pada pembentukan faktor-faktor anak yang mengalami stunting. Kejadian stunting memang lebih dipengaruhi oleh faktor anak daripada faktor maternal. Namun, faktor maternal memiliki pengaruh yang signifikan pada faktor anak, yang berdampak pada stunting.

Faktor anak dan maternal memiliki pengaruh masing-masing sebesar 49,8 persen dan 30,3 persen terhadap keadaan pendek. Faktor anak utama adalah dosis susu formula bayi, sedangkan faktor maternal utama adalah status gizi.

KPU RI telah menetapkan tiga pasangan capres-cawapres peserta Pilpres 2024 yakni Anies Baswedan-Muhaimin Iskandar dengan nomor urut 1, Prabowo Subianto-Gibran Rakabuming Raka nomor urut 2, dan Ganjar Pranowo-Mahfud Md nomor urut 3.

Selepas debat pertama Pilpres 2024 pada 12 Desember 2023, debat kedua 22 Desember 2023, debat ketiga 7 Januari 2024, dan debat keempat pada 21 Januari 2024, KPU menggelar debat kelima di Balai Sidang Jakarta.

Debat pamungkas Pilpres 2024 sekaligus menjadi debat ketiga yang mempertemukan para capres dan KPU menyelenggarakannya dengan tema meliputi pendidikan, kesehatan, ketenagakerjaan, kebudayaan, teknologi informasi, serta kesejahteraan sosial dan inklusi.

Artikel ini adalah hasil kolaborasi Aliansi Jurnalis Independen, Asosiasi Media Siber Indonesia, Masyarakat Anti-Fitnah Indonesia, Cekfakta.com bersama 18 media di Indonesia.***"
Hoaks! Prabowo-Gibran didiskualifikasi pada awal Februari,https://www.antaranews.com/berita/3953412/hoaks-prabowo-gibran-didiskualifikasi-pada-awal-februari,"Jakarta (ANTARA/JACX) – Dewan Kehormatan Penyelenggara Pemilu (DKPP) memutuskan bahwa semua komisioner KPU melanggar etik dalam pencalonan Gibran Rakabuming Raka sebagai calon wakil presiden pada Senin (5/2/2024). 

Para komisioner KPU dianggap melanggar etik karena memproses pendaftaran Gibran sebagai calon wakil presiden, tanpa mengubah syarat usia minimum capres-cawapres pada Peraturan KPU Nomor 19 Tahun 2023 sesuai Putusan Mahkamah Konstitusi Nomor 90/PUU-XXI/2023.

Sebuah unggahan Facebook menarasikan bahwa paslon nomor urut 02, Prabowo-Gibran didiskualifikasi setelah DKPP nyatakan ketua KPU dianggap melanggar kode etik.

Berikut narasi dalam unggahan tersebut:
“Paslon 02 Diskualifikasi
DKPP..Ketua KPU Langgar Kode Etik”

Namun, benarkah Prabowo-Gibran didiskualifikasi setelah DKPP nyatakan KPU langar kode etik pada awal Februari?
 

Unggahan Facebook yang menarasikan Prabowo-Gibran didiskualifikasi setelah DKPP nyatakan KPU langar kode etik pada awal Februari,. Faktanya, Ketua Bawaslu RI Rahmat Bagja mengatakan bahwa pencalonan Gibran Rakabuming Raka sebagai calon wakil presiden tidak mengalami permasalahan. (Facebook)



Berdasarkan penelusuran, Ketua Badan Pengawas Pemilu (Bawaslu) Rahmat Bagja mengatakan bahwa pencalonan Gibran Rakabuming Raka sebagai calon wakil presiden tidak mengalami permasalahan, terutama usai adanya putusan dari Dewan Kehormatan Penyelenggara Pemilu (DKPP).

""Putusan etik kan berkaitan dengan profesionalisme pribadinya, begitu. Apakah cawapres? Tidak ada masalah itu. Iya, bukan termasuk itu,"" kata Bagja, dilansir dari ANTARA.

Bagja juga mengatakan bahwa pencalonan Gibran secara hukum tidak mengalami kecacatan. Pakar Hukum Tata Negara Fahri Bachmid berpendapat sanksi Dewan Kehormatan Penyelenggara Pemilu Republik Indonesia (DKPP) kepada Ketua Komisi Pemilihan Umum (KPU) Hasyim Asy'ari tidak akan berdampak apapun kepada pasangan capres-cawapres Prabowo Subianto-Gibran Rakabuming Raka.

""Eksistensi sebagai ""legal subject"" pasangan calon presiden dan wakil presiden adalah konstitusional serta presiden Prabowo Subianto Gibran dan Rakabuming Raka. Eksistensi sebagai ""legal subject"" Pasangan calon Presiden dan Wakil Presiden adalah konstitusional serta 'legitimate',"" kata Fahri, dilansir dari ANTARA.

Hingga saat ini, belum ada pemberitahuan resmi mengenai diskualifikasi pencalonan Prabowo-Gibran."
Hoaks! Presiden Jokowi bagikan sembako terkait Pemilu pada Januari 2024,https://www.antaranews.com/berita/3936912/hoaks-presiden-jokowi-bagikan-sembako-terkait-pemilu-pada-januari-2024,"Jakarta (ANTARA/JACX) - Sebuah konten yang beredar di platform TikTok membagikan narasi yang menyebutkan Presiden Jokowi membagikan sembako di depan Istana Negara, Jakarta Pusat, pada Januari 2024.

Sang narator dalam video TikTok itu mengaitkan kegiatan Kepala Negara dengan Pemilu 2024, yang akan digelar pada 14 Februari mendatang.

Narator tersebut juga menyebut bahwa pembagian sembako gratis itu menjadi bagian kampanye yang dilakukan Presiden Jokowi, untuk mendukung salah satu pasangan calon peserta Pemilu Presiden 2024.

Terlihat pula sosok Menteri BUMN Erick Thohir dalam rekaman kegiatan yang diklaim belum lama berlangsung ini.

""Ketika Kegiatan Sekelas RT dilakukan di depan Istana. Segitu paniknya, katanya surveinya tertinggi. Kenapa harus dibantu oleh penguasa ini ya?,"" demikian kutipan narasi yang dibahas di video TikTok itu.

Lalu benarkah Presiden Jokowi bagikan sembako terkait Pemilu pada Januari 2024?

Penjelasan:
Faktanya, kegiatan bagi-bagi sembako itu bersih dari unsur kampanye serta Pemilu 2024, lantaran video sebenarnya sudah beredar sejak April 2023. 

Pembagian sembako tersebut dilakukan pada 13 Maret 2023, dalam rangka menyambut Hari Raya Idul Fitri 2023, yang berlangsung pada 22 April dan 23 April 2023.

""Presiden Joko Widodo didampingi Menteri Badan Usaha Milik Negara (BUMN) Erick Thohir membagikan paket sembako kepada ribuan pengemudi ojek daring dan ojek pangkalan yang melintas di sekitar Istana Merdeka, Jalan Medan Merdeka Utara, Jakarta Pusat, Kamis,"" demikian laporan ANTARA pada 13 April 2023.

Rekaman digitalnya juga dapat dilihat di sini.

Saat kegiatan tersebut berlangsung, Komisi Pemilihan Umum (KPU) belum menetapkan pasangan calon peserta Pemilu 2024. Jadwal penetapan paslon Pilpres adalah 13 November 2024.

Tahapan kampanye pun belum dalam video aslinya belum berlangsung. 

Dengan demikian, narasi yang disematkan dalam video di TikTok itu adalah hoaks yang berisiko menjadi fitnah.

Klaim: Presiden Jokowi bagikan sembako terkait Pemilu pada Januari 2024
Rating: Hoaks"
Hoaks! Rekaman suara telepon Surya Paloh marahi Anies Baswedan,https://www.antaranews.com/berita/3928362/hoaks-rekaman-suara-telepon-surya-paloh-marahi-anies-baswedan,"Beredar sebuah video berisi rekaman suara yang dinarasikan Ketua Umum Partai NasDem Surya Paloh memarahi calon presiden nomor urut satu Anies Baswedan setelah debat keempat.

Dalam rekaman tersebut Surya Paloh mempertanyakan hasil survey pasangan AMIN selalu terendah, data Anies salah, kesalahan masa lalu Anies yang terlalu banyak, hingga kesalahan cawapres Abdul Muhaimin Iskandar atau Cak Imin dalam debat.

Berikut percakapan yang diduga Surya Paloh ke Anies tersebut dalam rekaman tersebut:
“Mas Anies, survey-mu itu selalu paling bawah, kita di partai pusing semua, koalisi juga kebingungan, gimana ini? Datamu itu ngawur, bilang angin ga punya KTP segala, saya yang malu. Kesalahan masa lalu kamu itu kebanyakan sih,”

Namun, benarkah rekaman tersebut?

 

Unggahan video hoaks yang menarasikan rekaman suara telepon Surya Paloh marahi Anies Baswedan. Faktanya, partai NasDem mengkonfirmasi rekaman tersebut merupakan hoaks. (TikTok)



Partai NasDem mengkonfirmasi melalui akun X resminya bahwa rekaman telepon yang diklaim Surya Paloh memarahi Anies Baswedan merupakan hoaks.

Akun itu juga mengimbau kepada masyarakat untuk mewaspadai sebaran hoaks terkait Pemilu 2024.

AI Generatif seperti ""deepfake"" telah menjadi senjata baru untuk membuat disinformasi dan hoax yang sangat dikhawatirkan banyak banyak kalangan, termasuk oleh media massa dan pemerintah-pemerintah di banyak negara.

""Deepfake"" bisa mengkloning dengan cepat suara orang, membuat video palsu, atau narasi palsu untuk menjatuhkan atau merusak citra lawan politik. Dalam hal itu, ""big data"" atau ""mahadata"" menjadi bagian penting. 

Selain itu, diketahui suara yang digunakan juga merupakan hasil Artificial Intelligence (AI).

Dengan demikian, klaim rekaman suara telepon Surya Paloh marahi Anies Baswedan merupakan hoaks.
 Rekaman suara telepon Surya Paloh marahi Anies Baswedan
 Hoaks"
Hoaks! Prabowo sakit hingga dirawat di RSPAD pada awal Februari,https://www.antaranews.com/berita/3944796/hoaks-prabowo-sakit-hingga-dirawat-di-rspad-pada-awal-februari,"Sebuah cuitan di media sosial X menarasikan capres nomor urut dua Prabowo Subianto terkena stroke dan dirawat di Rumah Sakit Pusat Angkatan Darat (RSPAD) Gatot Soebroto Jakarta.

Berikut narasi dalam unggahan tersebut:
“Gara2 joget pada tempat nya, PRABOWO dikabarkan stroke, lagi dirawat di RSPAD hahaha”

Namun, benarkah Prabowo sakit stroke hingga dirawat di RSPAD?

 

Unggahan hoaks yang menarasikan Prabowo sakit stroke hingga dirawat di RSPAD. Faktanya, Kepala RSPAD Gatot Soebroto Letnan Jenderal TNI dr. Albertus Budi Sulistya menyatakan klaim tersebut hoaks. (X)



Calon presiden nomor urut dua Prabowo Subianto menepis isu dirinya sakit dengan tampil energik dan berjoget bersama warga saat menghadiri kampanye nasional Partai Demokrat di Stadion Gajayana, Kota Malang, Jawa Timur, Kamis. Prabowo diketahui tiba di lokasi kampanye pada pukul 15.18 WIB.

Secara terpisah, Wakil Ketua Tim Kampanye Nasional (TKN) Prabowo-Gibran, Afriansyah Noor, mengatakan kabar yang menyebut Prabowo sakit adalah hoaks.Ia memastikan Prabowo dalam kondisi sehat. 

""Informasi itu hoaks. Pak Prabowo sampai saat ini masih sehat-sehat saja,” kata Afriansyah Noor, dilansir dari ANTARA.

Kepala RSPAD Gatot Soebroto Letnan Jenderal TNI dr. Albertus Budi Sulistya juga mengatakan hal senada.

Menurut dia, informasi tentang Prabowo dibawa ke RSPAD akibat kelelahan usai kampanye adalah tidak benar.

""Tidak benar, itu hoaks,"" kata Albertus dalam keterangan tertulis yang sama.
 Prabowo sakit stroke hingga dirawat di RSPAD
 Hoaks"
"Berita unggulan Minggu, sebagian DKI akan hujan ringan saat debat cawapres hingga Idul Adha Muhammadiyah pada 17 Juni",https://www.antaranews.com/berita/3925359/berita-unggulan-minggu-sebagian-dki-akan-hujan-ringan-saat-debat-cawapres-hingga-idul-adha-muhammadiyah-pada-17-juni,"Jakarta (ANTARA/JACX) - Sejumlah berita terpopuler yang menarik untuk disimak, BMKG prakirakan sebagian DKI akan hujan ringan saat debat cawapres hingga Muhammadiyah tetapkan Idul Adha 1445 Hijriah jatuh pada 17 Juni 2024. Berikut rangkuman beritanya:

1. Indonesia dukung keanggotaan penuh Palestina di PBB dalam KTT GNB

Indonesia mendukung keanggotaan penuh Palestina di Perserikatan Bangsa-Bangsa (PBB), kata Wakil Menteri Luar Negeri Pahala Nugraha Mansury dalam KTT ke-19 Gerakan Non Blok. 

Indonesia juga menyorot Gaza dalam pertemuan itu. Simak berita selengkapnya di sini.

2. Muhammadiyah tetapkan Idul Adha 1445 Hijriah jatuh pada 17 Juni 2024

Pimpinan Pusat (PP) Muhammadiyah menetapkan 10 Zulhijah atau Idul Adha 1445 Hijriah jatuh pada 17 Juni 2024. 

Bagaimana proses penetapan Idul Adha versi Muhammadiyah? Baca selengkapnya di sini.

3. Bencana pergerakan tanah rusak rumah di Kampung Cikontrang Sukabumi

Bencana pergerakan tanah yang terjadi di Kampung Cikontrang, Kabupaten Sukabumi, Jawa Barat (Jabar), Sabtu, mengakibatkan sejumlah rumah warga rusak.

Bahkan ada warga sampai mengungsi akibat rumahnya ambles dan mengalami kerusakan cukup parah. Berita lengkapnya di sini.

4. BMKG prakirakan sebagian DKI akan hujan ringan saat debat cawapres

Badan Meteorologi Klimatologi dan Geofisika (BMKG) memprakirakan sebagian DKI Jakarta, yakni Jakarta Barat, Jakarta Selatan dan Jakarta Timur akan hujan ringan saat debat calon wakil presiden (cawapres) pada Minggu malam. Penjelasan lengkap BMKG ada 

.

5. Bali jadi pilihan wisatawan Tiongkok di liburan Imlek tahun ini

Bali menjadi salah satu pilihan destinasi para wisatawan Tiongkok pada perayaan Tahun Baru Imlek mendatang, sebagaimana penelusuran Airbnb China.

Ada perubahan signifikan dalam minat kunjungan wisatawan Tiongkok ke berbagai destinasi internasional sejak pembatasan perjalanan dicabut. Berita lengkapnya di sini."
Peneliti Denny JA sebut Prabowo-Gibran butuh koalisi semipermanen,https://www.antaranews.com/berita/4023825/peneliti-denny-ja-sebut-prabowo-gibran-butuh-koalisi-semipermanen," Peneliti Lembaga Survei Indonesia (LSI) Denny JA Ardian Sopa menilai pemerintahan Prabowo Subianto--Gibran Rakabuming Raka membutuhkan koalisi semipermanen selama 20 tahun untuk memastikan program strategis mereka tercapai.

""Koalisi partai semipermanen 20 tahun ini penting, karena, program raksasa seperti pindah ibu kota, hilirisasi, digitalisasi, dan makan siang gratis membutuhkan konsolidasi minimal 20 tahun agar tak goyah,"" kata Ardian dalam keterangan pers di terima di Jakarta, Jumat.

Selain itu, Ardian menilai Prabowo-Gibran membutuhkan koalisi besar lantaran posisi partai di Koalisi Indonesia Maju (KIM) bukan sebagai penguasa kursi di Depan Perwakilan Rakyat (DPR) RI.

Ardian mengatakan perolehan suara yang dimiliki KIM di DPR hanya sebesar 43,1persen. Jumlah perolehan suara itu berasal dari Golkar sebanyak 15.29 persen, Gerindra 13.22 persen, Demokrat 7.43 persen dan PAN 7.24 persen.

Ardian beserta jajarannya pun telah melakukan survei respon masyarakat akan wacana terbentuk koalisi semi permanen untuk mendukung pemerintah Prabowo-Gibran.

LSI Denny JA melakukan survei tatap muka (face-to-face interview) dengan menggunakan kuesioner kepada 1.200 responden di seluruh Indonesia dengan margin of errol survei ini sebesar 2.9 persen. Survei dilakukan pada tanggal 1–15 Maret 2024.

Selain survei dengan metode kuantitatif, LSI Denny JA juga memperkaya informasi dan analisa dengan metode kualitatif, seperti analisis media, in-depth interview, expert judgement dan focus group discussion.

Berdasarkan hasil survei tersebut, sebanyak 75,8 persen masyarakat setuju dengan wacana koalisi semipermanen, 15,1 persen tidak setuju dan 9,1 persen menjawab tidak tahu.

Jika berdasarkan pemilih pasangan calon presiden dan wakil presiden, tercatat bahwa pemilih Ganjar Pranowo dan Mahfud Md yang paling setuju dengan konsep koalisi semipermanen dengan perolehan suara 80,7 persen.

Pemilih Anies Baswedan dan Muhaimin Iskandar memperoleh suara 75,9 persen atas persetujuan terbentuknya koalisi semipermanen dan terakhir pemilih Prabowo Subianto dan Gibran Rakabuming Raka sebesar 74,4 persen.

Sedangkan dari sisi pemilih partai tercatat para pemilih Partai Demokrat menjadi yang paling setuju dengan koalisi semi permanen dengan perolehan suara
95,1 persen.

Sedangkan pemilih PKS menjadi pemilih partai yang persetujuannya paling rendah atas konsep koalisi semi permanen yakni 57,1 persen."
Hoaks! Prabowo dapat rekor MURI karena kalah tiga kali menjadi Presiden,https://www.antaranews.com/berita/3925902/hoaks-prabowo-dapat-rekor-muri-karena-kalah-tiga-kali-menjadi-presiden,"Museum Rekor-Dunia Indonesia (MURI) merupakan lembaga swadaya masyarakat bertugas menghimpun data dan menganugerahkan prestasi dan karya masyarakat Indonesia.

Sebuah unggahan video di Facebook menampilkan foto sertifikat MURI dengan foto capres nomor urut 02, Prabowo Subianto yang diklaim dianugerahi MURI karena gagal menjadi Presiden tiga kali berturut-turut.

Berikut narasi dalam video tersebut:
“Piagam Penghargaan Museum Rekor - Dunia Indonesia No.9506/R.MURI/IV/2022.
TTD: Jaya Supranaada: Prabowo Subianto atas Rekor ""Capres 3X Kalah Secara Beruntun""
TTD: Jaya Suprana”

Namun, benarkah Prabowo dapat rekor MURI karena kalah tiga kali menjadi Presiden?

Unggahan hoaks yang menarasikan Prabowo dapat rekor MURI karena kalah tiga kali menjadi Presiden. Faktanya, tidak ada rekor tersebut dilaman resmi MURI. (TikTok)



Berdasarkan penelusuran, sertifikat MURI yang beredar tersebut merupakan editan karena rekor tersebut tidak terdaftar di MURI.

Sebagai informasi, relawan Prabowo-Gibran Digital Team (PRIDE) memecahkan rekor Museum Rekor Indonesia (MURI) sebagai Relawan Politik Pertama yang Menggunakan Kecerdasan Buatan/Artificial Intelligence (AI). Selain itu, satu rekor lagi juga akan diciptakan PRIDE dalam Pembekalan Relawan Politik Berbasis Digital dan AI dengan peserta terbanyak.
 Prabowo dapat rekor MURI karena kalah tiga kali menjadi Presiden
 Hoaks"
Hoaks! KTP ganda bagi WNA untuk Pemilu 2024,https://www.antaranews.com/berita/3892968/hoaks-ktp-ganda-bagi-wna-untuk-pemilu-2024,"Gambar Kartu Tanda Penduduk (KTP) ganda ditemukan di beberapa unggahan di Facebook. 

Sejumlah KTP dengan foto pemilik yang sama ini, disinyalir akan digunakan untuk mencurangi Pemilu 2024.

Penggandaan KTP itu juga tampak disertai dengan rekayasa Nomor Pokok Wajib Pajak (NPWP). 

Menurut narasi yang beredar, produksi data diri palsu ini melibatkan warga negara asing asal China.

""PARAAAAAHHH !!!!! Kantor Disdukcapil, KPU dan China Taipan SUDAH BEKERJA SAMA untuk pemenangan salah satu CAPRES!? 1 orang keturunan China punya 3 KTP dan 3 Kartu NPWP, Mohon di VIRALKAN !!!!!,"" demikian isi narasi yang dibagikan di Facebook pada 17 Desember 2023.

Namun, benarkah ada peredaran KTP ganda bagi WNA, yang digunakan untuk mencurangi Pemilu 2024?

Tangkapan layar narasi hoaks yang menyatakan adanya KTP ganda bagi WNA untuk Pemilu 2024 (Facebook)



Penjelasan:
Foto KTP dan NPWP yang ditampilkan di Facebook itu ternyata bukan produk baru menjelang Pemilu 2024. Dokumentasi tersebut sudah lama beredar, yakni sejak 2017.

Sejumlah laporan media arus utama pada 2017, menjelaskan bahwa gambar KTP-NPWP ganda tersebut awalnya dibagikan di platform X oleh Andi Arief, Ketua DPP Partai Demokrat saat itu. 

Temuan tersebut kemudian ditelusuri oleh Polda Metro Jaya karena beredar berdekatan dengan pelaksanaan Pilkada DKI 2017. 

Hasilnya, data-data palsu tersebut dikirim dari Kamboja, dengan rincian 36 lembar KTP, 32 lembar NPWP, satu buku tabungan, dan satu buah kartu ATM. Paket itu lalu diamankan oleh anggota Bea Cukai Bandara Soekarno-Hatta. 

Kapolda Metro Jaya saat itu, Irjen Mochamad Iriawan, mengatakan data palsu tersebut sebenarnya tidak akan digunakan untuk keperluan Pemilu, melainkan hanya dimanfaatkan untuk kesejahteraan ekonomi pelaku.

Masyarakat pun diimbau untuk tidak terprovokasi dengan temuan KTP palsu dari Kamboja menjelang pelaksanaan Pilkada DKI 2017 kala itu.

Kesimpulannya, narasi soal data ganda dan keterlibatan WNA ini diduga kembali digaungkan pada Pemilu 2024 untuk membuat masyarakat bingung. Faktanya, narasi tersebut adalah infromasi lama dan salah (hoaks).

Klaim: KTP ganda bagi WNA untuk Pemilu 2024
Rating: Hoaks"
Hoaks! Debat capres cawapres ditiadakan,https://www.antaranews.com/berita/3862263/hoaks-debat-capres-cawapres-ditiadakan,"Jakarta (ANTARA/JACX) - Perubahan format debat calon presiden (Capres) dan calon wakil presiden (Cawapres) Pilpres 2024 memicu adanya polemik.

Sebagian warganet tidak puas dengan keputusan ‘baru’ KPU di Pemilu 2024 mendatang.

Beberapa unggahan di Facebook seperti ini dan ini menarasikan bahwa aturan baru KPU yaitu debat Capres Cawapres di Pemilu 2024 ditiadakan. 

Berikut narasi dalam unggahan tersebut:
“Ada aturan baru dari
KPU pusat, katanya Debat antar Capres/ Cawapres ditiadakan, ini kemungkinan bisikan
penguasa kpd KPU.”

Namun, benarkah Debat capres cawapres ditiadakan?

 

Unggahan disinformasi yang menarasikan debat Capres-Cawapres Pemilu 2024 ditiadakan. Faktanya, KPU secara resmi telah merilis jadwal debat Capres-Cawapres Pemilu 2024. (Facebook)

Penjelasan:

KPU resmi mengadakan debat Capres-Cawapres 2024. Berikut rincian tema debat Capres-Cawapres 2024:

Debat Pertama (Capres) 12 Desember 2023 dengan tema: Pemerintahan, Hukum, HAM, Pemberantasan Korupsi, Penguatan Demokrasi, Peningkatan Layanan Publik, dan Kerukunan Warga
Debat Kedua (Cawapres) 22 Desember 2023 dengan tema: Ekonomi Kerakyatan, Ekonomi Digital, Keuangan, Investasi Pajak, Perdagangan, Pengelolaan APBN/APBD, Infrastruktur, dan perkotaan 
Debat Ketiga (Capres) 7 Januari 2024 dengan tema: Pertahanan, Keamanan, Hubungan Internasional, dan Geopolitik
Debat Kedua (Cawapres) 21 Januari 2024 dengan tema: Pembangunan Berkelanjutan, SDA, Lingkungan Hidup, Energi, Pangan, Agraria Masyarakat Adat dan desa.
Debat Kelima (Capres) 4 Februari 2024 dengan tema: Kesejahteraan Sosial, Kebudayaan, Pendidikan, Teknologi Informasi, Kesehatan, Ketenagakerjaan, SDM, dan Inklusi.


Dengan demikian, klaim debat capres cawapres ditiadakan merupakan disinformasi.
Klaim: Debat capres cawapres ditiadakan
Rating: Disinformasi"
Disinformasi! Debat cawapres pada Pemilu 2024 ditiadakan,https://www.antaranews.com/berita/3853164/disinformasi-debat-cawapres-pada-pemilu-2024-ditiadakan,"Jakarta (ANTARA/JACX) - Sebuah unggahan Facebook yang diunggah pada 3 Desember menarasikan bahwa debat cawapres ditiadakan.

Dalam unggahan tersebut dijelaskan rakyat dipaksa tidak bisa memilih yang terbaik jika debat cawapres ditiadakan.
Berikut narasi dalam unggahan tersebut:
“Debat Cawapres ditiadakan, rakyat dipaksa beli kucing dalam karungn tidak bisa pilih yang terbaik”
Namun, benarkah debat cawapres ditiadakan di Pemilu 2024?

Unggahan hoaks yang menarasikan debat cawapres pemilu 2024 ditiadakan. Faktanya, debat cawapres pemilu 2024 tetap diadakan. (Facebook)


Penjelasan:
Berdasarkan penelusuran ANTARA, KPU menegaskan pelaksanaan debat calon presiden dan calon wakil presiden dilakukan dengan merujuk pada UU Pemilu.

Debat Pilpres 2024 dilakukan sebanyak tiga kali untuk calon presiden dan dua kali untuk calon wakil presiden. 
Anggota KPU Idham Holik mengatakan akan menyampaikan kepada tim kampanye untuk menghadirkan semua paslon dalam setiap sesi debat. Idham mengatakan hal tersebut tidak melanggar perundang-undangan.
Dengan demikian, unggahan yang menarasikan debat cawapres di pilpres merupakan keliru.
Klaim: Debat Cawapres Pemilu 2024 ditiadakan
Rating: Hoaks"
Hoaks! Mahfud MD mengaku dibayar Prabowo Rp800 miliar untuk jadi Cawapresnya,https://www.antaranews.com/berita/3799863/hoaks-mahfud-md-mengaku-dibayar-prabowo-rp800-miliar-untuk-jadi-cawapresnya,"Mahfud MD telah resmi dipilih sebagai bakal calon wakil presiden untuk mendampingi bakal calon presiden Ganjar Pranowo pada 18 Oktober lalu. 

Sebuah unggahan Facebook menarasikan Mahfud MD menyebutkan dirinya dipaksa dan dibayar Rp800 miliar untuk jadi bacawapres Prabowo Subianto. 

Berikut narasi dalam unggahan tersebut:
“G3GER MALAM INI -- MAHFUD MD NG4KU DIP4K$A & DIB4YAR 800 MILYAR UNTUK JADI CAWAPRES PRABOWO”

Namun, benarkah Mahfud MD mengaku dibayar Prabowo Rp800 miliar untuk jadi bakal cawapresnya?

 

Unggahan video hoaks yang menarasikan Mahfud MD mengaku dibayar Prabowo Rp800 miliar untuk jadi Cawapresnya. Faktanya, isi video tidak sesuai dengan judul. (Facebook)



Berdasarkan penelusuran, thumbnail video tersebut serupa dengan unggahan KompasTV yang berjudul “Jokowi Mendadak Tak Hadir Langsung di Forum R20, Mahfud MD Ungkap Alasannya”. Foto tersebut diberi keterangan Mahfud MD bersama Erick Thohir di acara Forum R20 di Bali, Rabu (2/12/2022). Dalam kesempatan itu, Mahfud menjelaskan alasan mengapa Jokowi tak hadir secara langsung.

Narator juga hanya membacakan narasi berita CNN yang berjudul “Mahfud Merasa dari Awal Di-endorse Jokowi Diam-diam untuk Pilpres”.

Mahfud MD meyakini dirinya dan bacapres Ganjar Pranowo mendapat dukungan dari Presiden di gelaran Pilpres 2024. Hal itu diperkuat dengan hasil musra relawan Pro-Jokowi (Projo). Selain itu, Jokowi dan beberapa ketum partai yang berkoalisi dengan PDIP secara terang-terangan kepada media menyebut namanya masuk ke dalam bursa cawapres Ganjar.

Dalam video tersebut, tidak ada informasi mengenai Mahfud MD mengaku dibayar Prabowo Rp800 miliar untuk jadi Cawapresnya. Dengan demikian, klaim tersebut merupakan hoaks.
 Mahfud MD mengaku dibayar Prabowo Rp800 miliar untuk jadi Cawapresnya
 Hoaks"
Disinformasi! Prabowo ditangkap KPK pada akhir Oktober 2023,https://www.antaranews.com/berita/3797613/disinformasi-prabowo-ditangkap-kpk-pada-akhir-oktober-2023,"Jakarta (ANTARA/JACX) - Potret penangkapan Bakal Calon Presiden dari Koalisi Indonesia Maju (KIM) Prabowo Subianto tersebar di YouTube sejak 23 Oktober 2023.

Prabowo, yang saat ini masih aktif sebagai Menteri Pertahanan terlihat diamankan petugas dengan kedua tangan terikat.

Penangkapan Ketua Umum Partai Gerindra itu dikabarkan terkait dengan pelanggaran yang dilakukan Prabowo menjelang Pemilu 2024.

Berikut isi narasinya:
""GEGER MALAM INI ll PRABOWO TIBA2 DIG!R!NG KPK, DIDUGA TERCYDUK L4KUKAN INI JELANG PILPRES,"".

Lantas, benarkah KPK tangkap Prabowo terkait Pilpres? 
 

Tangkapan layar berisi narasi hoaks yang menyatakan Prabowo ditangkap KPK (YouTube)



Penjelasan:
Dokumentasi penggiringan Prabowo oleh petugas, yang dimuat dalam sampul video YouTube itu adalah hasil suntingan.

Aslinya, foto tersebut memperlihatkan penangkapan Imam Besar ormas Front Pembela Islam (FPI) Habib Rizieq Shihab, sebagaimana ditampilkan ANTARA Foto pada 13 Desember 2020.

""Imam Besar ormas Front Pembela Islam (FPI) Habib Rizieq Shihab (tengah) berjalan menuju mobil tahanan usai diperiksa di Mapolda Metro Jaya, Jakarta, Minggu (13/12/2020) dini hari,"" demikian keterangan yang melekat dalam foto ANTARA terkait pengamanan Rizieq Shihab tersebut.

Rizieq Shihab ditahan penyidik Ditreskrimum Polda Metro Jaya untuk kepentingan penyidikan perkara kasus dugaan pelanggaran protokol kesehatan COVID-19 terkait kerumunan di Petamburan, Tanah Abang, Jakarta pada November 2020.

Sedangkan isu penangkapan Prabowo oleh KPK adalah informasi bohong. ANTARA hingga Minggu (29/10), tidak menemukan keterangan yang membenarkan informasi tersebut di semua jenis lini pemberitaan.

Klaim: Prabowo ditangkap KPK
Rating: Hoaks"
Hoaks! Mahfud MD resmi gantikan Surya Paloh sebagai Ketum NasDem,https://www.antaranews.com/berita/3783990/hoaks-mahfud-md-resmi-gantikan-surya-paloh-sebagai-ketum-nasdem,"Sebuah unggahan YouTube menarasikan bahwa Surya Paloh dipecat dari jabatannya Ketua Umum Partai NasDem karena terbukti korupsi.

Kemudian, Mahfud MD resmi menggantikan Surya Paloh atas perintah Jokowi. Thumbnail dalam unggahan tersebut terlihat Jokowi sedang bersalaman dengan Mahfud MD, didampingi wakil presiden, Ma’ruf Amin.

Berikut narasi dalam unggahan tersebut:
“GEMPAR SIANG INI || TERBUKTI K0RUP$I, MAHFUD MD RESMI GANTIKAN SURYA PALOH SEBAGAI KETUA NASDEM ??”

Namun, benarkah Mahfud MD gantikan Surya Paloh sebagai Ketua Umum NasDem?

 

Unggahan video hoaks yang menyatakan Mahfud MD resmi menggantikan Surya Paloh sebagai Ketum partai NasDem. Faktanya, isi video tidak sesuai dengan narasi judul. (YouTube)



Berdasarkan penelusuran, thumbnail dalam video tersebut merupakan hasil suntingan. Foto asli dalam unggahan tersebut merupakan momen saat Jokowi didampingi oleh Wakil Presiden Ma'ruf Amin menerima ucapan selamat dari Ketua MPR Bambang Soesatyo setelah pelantikannya sebagai presiden Indonesia untuk masa jabatan 2019-2024, di Gedung MPR, Senayan, Jakarta, dilansir dari laman Setkab.

Selain itu, narator dalam unggahan tersebut hanya membacakan artikel dari laman Suara.com yang berjudul “Siap-siap! KPK Bakal Panggil Elite Nasdem Soal Dugaan Aliran Uang Miliaran Rupiah ke Partai di Kasus SYL”. Dalam artikel tersebut, KPK menyampaikan akan mendalami lebih lanjut soal aliran uang miliaran rupiah ke Partai NasDem dalam perkara korupsi yang menjerat mantan Mentan SYL. Pendalaman dilakukan dengan mengkonfirmasi ke SYL dan elite Partai NasDem.

Dengan demikian, narasi judul unggahan tersebut tidak sesuai dengan isi video.
 Mahfud MD resmi gantikan Surya Paloh sebagai Ketum NasDem
 Hoaks"
Disinformasi! Jokowi-Megawati sepakat usung Ganjar-Prabowo pada September 2023,https://www.antaranews.com/berita/3750306/disinformasi-jokowi-megawati-sepakat-usung-ganjar-prabowo-pada-september-2023,"Jakarta (ANTARA/JACX) - Duet pasangan Ganjar Pranowo dan Prabowo Subianto disebut telah mendapatkan restu dari Presiden Jokowi serta Ketua Umum PDIP Megawati Soekarnoputri.

Nantinya, Ganjar Pranowo yang dikenal sebagai Gubernur Jawa Tengah nonaktif akan diusung sebagai calon presiden. 

Sementara Prabowo Subianto, yang kini masih menjabat sebagai Menteri Pertahanan RI sekaligus Ketua Umum Partai Gerindra, akan menjadi calon wakil presiden.

Pengusungan pasangan capres dan cawapres versi Presiden Jokowi dan Ketum PDIP Megawati ini diedarkan oleh sebuah akun Facebook sejak 22 September 2023.

Berikut isi narasinya:
""ANIS PALOH DAN JK PANIK, DI RESTUI JOKOWI DAN MEGAWATI POROS KE DUA DUET GANJAR-PRABOWO DISEPAKATI,"".

Namun, benarkah Jokowi-Megawati sepakat usung Ganjar-Prabowo pada 22 September?
 

Tangkapan layar berisi narasi hoaks yang menyatakan Jokowi-Megawati sepakat usung Ganjar-Prabowo pada 22 September (Facebook)



Penjelasan:
Rekaman video selama 10 menit di Facebook itu hanya berisi gabungan gambar yang memuat Presiden Jokowi, Ketua DPR RI Puan Maharani, Ketum PDIP Megawati, Ketum Partai Gerindra Prabowo Subianto, serta Bakal Capres dari PDIP Ganjar Pranowo.

Beberapa cuplikan gambar juga bisa ditemukan di ANTARA, yakni saat Jokowi dan Ganjar shalat Id di Masjid Raya Sheikh Zayed pada April 2023.

Adapula, foto Rakernas PDI Perjuangan III di Jakarta pada Juni 2023 yang dihadiri Presiden Jokowi, Ketum PDIP Megawati, Bakal Capres dari PDIP Ganjar Pranowo, serta Ketua Dewan Pimpinan Pusat PDIP Puan Maharani.

Selanjutnya, momen ketika Presiden Jokowi meninjau Pindad pakai ""Maung"" disopiri Menhan Prabowo.

Dalam video di Facebook, maupun ketiga momen yang turut diberitakan ANTARA, tidak terdapat pernyataan resmi Kepala Negara atau Ketum PDIP Megawati tentang pengusungan Ganjar-Prabowo dalam Pilpres 2024.

Dengan demikian, narasi soal Jokowi-Megawati sepakat usung Ganjar-Prabowo pada 22 September adalah informasi salah.

Klaim: Jokowi-Megawati sepakat usung Ganjar-Prabowo pada 22 September
Rating: Hoaks"
Hoaks! Foto Ganjar minum miras,https://www.antaranews.com/berita/3734730/hoaks-foto-ganjar-minum-miras,"Sebuah unggahan di media sosial menampilkan foto bakal calon presiden 2024, Ganjar Pranowo, sedang meminum menggunakan cangkir berwarna biru dan di meja terdapat botol minuman keras.

Dalam foto tersebut, latar foto tersebut juga terlihat beberapa koleksi minuman keras yang disimpan didalam lemari kaca.

Berikut narasi dalam unggahan tersebut:
“Pemimpin itu yg dicari akhlak yg baik soleh dlm ibadahnya..klu pemimpin tukang minum disebut zin uban”

Namun, benarkah foto Ganjar Pranowo meminum minuman keras tersebut?

Unggahan foto hoaks yang menampilkan Ganjar Pranowo sedang meminum miras. Faktanya, foto tersebut merupakan editan. (Twitter)



Berdasarkan penelusuran, foto tersebut merupakan editan. Foto asli dalam unggahan tersebut serupa dengan unggahan Tribunnews yang berjudul “YouTuber Palembang Sukses Bujuk Ganjar Pranowo Seruput Cuko Pempek, Resmi Jadi Wong Palembang”. Dalam artikel tersebut dinarasikan Gubernur Jawa Tengah, Ganjar Pranowo, ngobrol santai bersama penggiat media sosial di Sumsel di Roca Cafe, Minggu (23/1/2022). Dengan memakai masker merah putih, Ganjar mendatangi Roca Cafe dengan kaos biru bertuliskan sahabatUGM.

Dengan demikian, foto Ganjar Pranowo minum minuman keras tersebut merupakan hoaks.
 Foto Ganjar minum minuman keras
 Hoaks"
Hoaks! Foto Jokowi temui Anies dan tawarkan Gibran jadi bakal cawapres,https://www.antaranews.com/berita/3694824/hoaks-foto-jokowi-temui-anies-dan-tawarkan-gibran-jadi-bakal-cawapres,"Sebuah unggahan video di YouTube menarasikan bahwa Presiden Jokowi menemui bakal calon presiden dari Koalisi Perubahan untuk Persatuan Anies Baswedan yang bertujuan untuk menawarkan anaknya Gibran Rakabuming Raka menjadi bakal calon wakil presiden.  

Foto dalam thumbnail video tersebut menampilkan Jokowi, Gibran dan Anies sedang berbincang disebuah ruangan.

Berikut narasi dalam video tersebut:
“Tak punya malu !! Jkw temui & tawarkan putranya jadi cawapres anies”

Namun, benarkah Jokowi temui Anies dan tawarkan Gibran jadi bakal cawapres Anies Baswedan?

 

Unggahan video hoaks yang menarasikan Jokowi temui Anies untuk menawarkan Gibran menjadi Cawapres Anies. Faktanya, isi video tidak sesuai dengan judul. (YouTube)



Berdasarkan penelusuran, isi video tersebut tidak ada narasi Jokowi menemui Anies dan menawarkan Gibran menjadi bacawapres Anies.

Selain itu, foto dalam thumbnail video tersebut merupakan editan. Foto aslinya serupa dengan unggahan foto di laman InfoPublik yang berjudul “Presiden Bertemu Gubernur dan Wagub DKI Jakarta”.

Dalam unggahan tersebut diberi keterangan Presiden Joko Widodo pada Rabu, 25 Oktober 2017, menerima kunjungan Gubernur dan Wakil Gubernur DKI Jakarta Anies Baswedan dan Sandiaga Uno di Istana Merdeka Jakarta.

Presiden didampingi Sekretaris Kabinet Pramono Anung, Menteri Perhubungan Budi Karya Sumadi, serta Menteri Pekerjaan Umum dan Perumahan Rakyat Basuki Hadimuljono yang membahas setidaknya enam topik, utamanya terkait persiapan Asian Games 2018.

Dengan demikian, unggahan yang menarasikan Jokowi temui Anies dan tawarkan Gibran jadi Cawapres merupakan hoaks.
 Foto Jokowi temui Anies dan tawarkan Gibran jadi bakal cawapres
 Hoaks"
Hoaks! Foto ribuan jemaah Haji dukung Anies di depan Ka'bah,https://www.antaranews.com/berita/3636477/hoaks-foto-ribuan-jemaah-haji-dukung-anies-di-depan-kabah,"Sebuah unggahan video beredar di YouTube menarasikan bahwa ribuan jamaah haji mendeklarasikan  dukugan pada bakal calon presiden Koalisi Perubahan untuk Persatuan Anies Baswedan langsung di depan Ka'bah. 

Video tersebut juga diberi thumbnail foto Jamaah haji memegang spanduk dengan tulisan:

“ANIES BASWEDAN

PRESIDEN 2024

JEMAAH HAJI 2023

MAKKAH”

Berikut narasi dalam unggahan tersebut:
“TRENDING !! Langsung Didepan Ka'bah Ribuan Jamaah Haji Deklarasikan Anies Presiden 2024”

Namun, benarkah foto ribuan Jemaah haji membawa spanduk dan mendukung Anies di Pemilu 2024?

 

Unggahan dooto hoaks yang diklaim sebagai ribuan Jemaah haji 2023 mendeklarasikan Anies Presiden 2024 didepan Ka'bah. Faktanya, foto tersebut merupakan editan. (YouTube)



Berdasarkan penelusuran, foto tersebut merupakan editan. Foto dalam thumbnail tersebut serupa dengan artikel krjogja yang berjudul “JNE Berangkatkan Pemenang Hadiah Umroh Lomba Content Competition dan Karyawan” yang diunggah pada Oktober 2022. 

Dalam artikel tersebut dijelaskan sebanyak 35 orang dari berbagai kantor cabang JNE loter ketiga pada 22 – 30 September 2022 diberangkatkan ke Tanah Suci untuk ibadah Umrah.
 Foto ribuan jemaah Haji dukung Anies di depan Ka’bah
 Hoaks"
Hoaks! Masyarakat Tionghoa dukung Anies Baswedan atas perintah Jusuf Hamka pada Juli 2023,https://www.antaranews.com/berita/3621438/hoaks-masyarakat-tionghoa-dukung-anies-baswedan-atas-perintah-jusuf-hamka-pada-juli-2023,"Jakarta (ANTARA/JACX) - Beredar di media sosial dukungan terhadap mantan Gubernur DKI Jakarta Anies Baswedan untuk maju di Pilpres 2024, salah satunya disebut datang dari masyarakat Tionghoa yang ada di Indonesia.

Deklarasi Anies Baswedan sebagai calon presiden 2024 ini diberikan etnis Tionghoa di Tanah Air, dengan mengikuti instruksi dari pemilik PT Citra Marga Nusaphala Persada (CMNP) Jusuf Hamka.

Jusuf Hamka merupakan pengusaha berdarah Tionghoa yang menjalankan bisnisnya di bidang pembuatan jalan tol, salah satunya pembangunan ruas tol Cawang-Tanjung Priok, Jakarta.

Sementara di bidang politik, Jusuf Hamka pernah berkiprah sebagai bendahara Tim Kampanye Nasional (TKN) Joko Widodo dan Ma'ruf Amin.

Narasi yang menghubungkan Anies Baswedan, Jusuf Hamka, dan masyarakat Tionghoa itu dapat ditemukan di YouTube dengan keterangan sebagai berikut:
""TEPIS ISU DUKUNG CAPRES PILIHAN JOKOWI SEMUA WARGA TIONGHOA IKUT INTRUKSI JUSUF HAMKA DEKLARASI ANIES BASWEDAN,"".

Namun, benarkah Warga keturunan tersebut deklarasikan Anies Baswedan sebagai capres 2024 atas perintah Jusuf Hamka?
 

Tangkapan layar narasi hoaks yang menyatakan warga keturunan China dukung Anies Baswedan atas perintah Jusuf Hamka  (YouTube)



Penjelasan:
Video sepanjang delapan menit itu nyatanya membacakan ulang isi artikel berjudul ""Jusuf Hamka Marahi Willianto Tanta Gegera HT Klaim Tionghoa Dukung Capres Pilihan Jokowi"". Tulisan tersebut dirilis situs daring berikut.

Dalam artikel itu dijelaskan, Pembina Paguyuban Sosial Marga Tionghoa Indonesia (PSMTI) Hary Tanoesoedibjo mengklaim masyarakat Tionghoa selama ini mendukung semua kebijakan Presiden Jokowi.

Masyarakat Tionghoa disebut juga akan mendukung keputusan Jokowi tentang capres di Pilpres 2024.

Menanggapi hal itu, Ketua Dewan Penasehat Persatuan Islam Tionghoa Indonesia, Jusuf Hamka membantah klaim Hary Tanoesoedibjo. 

Namun, tidak ditemukan pernyataan Jusuf Hamka yang memerintahkan masyarakat Tionghoa untuk memberikan dukungan terhadap Anies Baswedan di artikel maupun konten YouTube tersebut.

Referensi fakta itu menandakan adanya manipulasi serta kabar bohong dalam video milik kanal YouTube ini.

Klaim: Masyarakat Tionghoa dukung Anies Baswedan atas perintah Jusuf Hamka pada Juli 2023
Rating: Hoaks"
Hoaks! Anies dan Airlangga deklarasi sebagai pasangan Pilpres 2024 pada 6 Juni,https://www.antaranews.com/berita/3586173/hoaks-anies-dan-airlangga-deklarasi-sebagai-pasangan-pilpres-2024-pada-6-juni,"Jakarta (ANTARA/JACX) – Sebuah unggahan YouTube berdurasi delapan menit menarasikan bahwa Golkar dan NasDem resmi deklarasikan Anies Baswedan dan Airlangga Hartanto sebagai pasangan capres dan cawapres di Pilpres 2024 mendatang.

Thumbnail dalam unggahan video tersebut terlihat seperti Airlangga Hartanto sedang menyambut Anies Baswedan dan Surya Paloh diatas panggung kuning. Terlihat juga banyak yang menggunakan jas berwarna kuning khas Partai Golkar.

Berikut narasi dalam unggahan tersebut:
“06-Juni-2023 Deklarasi Anies Capres&Airlangga Cawapres Resmi Di Panggung Kuning Golkar ”

Namun, benarkah Anies dan Airlangga deklarasi sebagai pasangan Pilpres 2024 pada 6 Juni?

 

Unggahan video disinformasi yang menyatakan Anies dan Airlangga resmi deklarasikan capres dan cawapres di Pilpres 2024. Faktanya, isi video tersebut tidak sesuai dengan narasi judul. (YouTube)



Berdasarkan penelusuran, unggahan video tersebut tidak sesuai dengan narasi dalam judul. Thumbnail dalam video tersebut serupa dengan unggahan foto Liputan6 yang berjudul “FOTO: Ribuan Kader Hadiri Kampanye Akbar Partai Golkar di Istora Senayan” yang diunggah pada 9 April 2019. Dalam foto aslinya, tidak terdapat Anies dan Surya Paloh.

Selain itu, narator juga hanya membacakan artikel dari Merdeka.com yang berjudul “Anies Sebut Golkar Harus Gabung Koalisi Perubahan Kalau Mau Airlangga Jadi Cawapres” dan Tribunnews “Golkar Dinilai Lebih Berpeluang Gabung Koalisi NasDem, Berikut Analisis Pengamat”.

Dalam kedua artikel tersebut tidak menginformasikan Anies dan Airlangga mendeklarasikan sebagai pasangan capres dan cawapres di Pilpres, melainkan pendapat pengamat politik yang menilai Partai Golkar lebih berpeluang bergabung ke Koalisi Perubahan untuk Persatuan (KPP) yang digawangi Partai NasDem, PKS, dan Demokrat ketimbang Koalisi Kebangkitan Indonesia Raya (KKIR) yang diusung partai Gerindra dan PKB.
 Anies dan Airlangga deklarasi sebagai pasangan Pilpres 2024 pada 6 Juni
 Disinformasi"
Misinformasi! Artikel Anies tidak akan lanjutkan semua program Jokowi jika jadi presiden,https://www.antaranews.com/berita/3598620/misinformasi-artikel-anies-tidak-akan-lanjutkan-semua-program-jokowi-jika-jadi-presiden,"Partai NasDem mendeklarasikan Anies Baswedan sebagai bakal calon Presiden 2024 pada 3 Oktober 2022 lalu.

Sebuah unggahan Twitter menarasikan Anies tidak akan melanjutkan semua program Presiden Jokowi jika ia terpilih menjadi Presiden di 2024 mendatang.

Berikut narasi dalam unggahan tersebut:
“Ngeri ka’le ini tanda2 ga’benar akan kelaut, kelanjutan itu sangat penting apa lagi 82 % Rakyat Indonesia terCinta merasa puas dengan K e r j a K e r a s Bpk Joko Widodo Presiden RI ke 7 MERDEKANamun, benarkah Anies menyatakan jika ia terpilih menjadi presiden tidak akan melanjutkan semua program Presiden sebelumnya?”
 

Tangkapan layar misinformasi yang menyatakan Anies tidak akan melanjutkan semua program Jokowi jika jadi presiden. Faktanya, unggahan tangkapan layar tersebut merupakan editan. (Twitter)



Berdasarkan penelusuran ANTARA, tangkapan layar media tersebut merupakan editan. Judul asli berita media Fajar yang berjudul “Anies Baswedan Tegaskan Tidak Semua Program Jokowi Akan dilanjutkan Jika Jadi Presiden”. Dalam berita tersebut dinarasikan Anies Baswedan menyatakan bahwa tidak semua program yang sudah dijalankan Jokowi akan dilanjutkan jika jadi presiden. 

Menurutnya, pemilu nanti bukan ajang untuk memberikan garansi meneruskan kinerja pemerintahan periode 2024-2029. pemilu adalah upaya untuk merebut kekuasaan dengan komitmen memperbaiki atau meluruskan jalan yang jadi tujuan bangsa dan negara. Sehingga, ketika proyek pembangunan Jokowi selama ini ada yang tidak sesuai dengan tujuan bangsa dan negara, maka tak mungkin dilanjutkan.

Dengan demikian, artikel yang menyatakan Anies tidak akan melanjutkan semua program Jokowi jika jadi presiden merupakan keliru. Faktanya, artikel tersebut merupakan editan.
 Artikel Anies tidak akan lanjutkan semua program Jokowi jika jadi presiden
 Misinformasi"
Hoaks! Ganjar perintahkan rusak atribut Anies di Jember,https://www.antaranews.com/berita/3538488/hoaks-ganjar-perintahkan-rusak-atribut-anies-di-jember,"Sejumlah atribut politik bergambar Anies Baswedan di Jember, Jawa Timur dirusak orang tidak dikenal pada pekan kedua Mei 2023.

Partai Nasional Demokrat (NasDem) lantas melaporkan perusakan itu ke polisi.

Namun, sebuah unggahan video di YouTube pada 11 Mei 2023 mengklaim pelaku perusakan atribut itu adalah orang-orang yang diperintahkan Ganjar Pranowo.

Halaman sampul unggahan video berdurasi delapan menit itu menampilkan tiga orang dengan penutup wajah dan baju tahanan, serta kaos merah dengan lambang Partai Demokrasi Indonesia (PDI) Perjuangan yang ditampilkan petugas polisi.

Sementara, tampak sosok Anies Baswedan berbaju Korpri di sisi kiri halaman sampul itu.

Berikut narasi dalam unggahan tersebut:
“TERNYATA SURUHAN GANJAR APARAT BERHASIL TANGKAP PELAKU PERUSAK BANNER ANIES”

Namun, benarkah bakal calon presiden Ganjar Pranowo memerintahkan para pelaku perusakan atribut politik dengan gambar Anies Baswedan di Jember?

Unggahan video hoaks yang menyatakan Ganjar meminta orang tidak dikenal untuk merusak banner Anies di Jember. Faktanya, dalam video tidak disebutkan informasi tersebut, isi video tidak sesuai dengan narasi judul. (YouTube)


ANTARA tidak menemukan informasi valid yang menyatakan para pelaku perusakan atribut politik bergambar Anies Baswedan di Jember, Jawa Timur merupakan orang-orang suruhan Ganjar Pranowo.

Isi unggahan video di YouTube tersebut juga tidak menyebut informasi dari sumber resmi tentang pihak di belakang perusakan atribut politik Anies Baswedan.

Nataror dalam video tersebut hanya membacakan laporan CNN Indonesia berjudul “Puluhan Banner Gambar Anies Dirusak di Jember, NasDem Lapor Polisi”.

Berita mengenai atribut politik bergambar Anies Baswedan, sebagai calon presiden, di Jember telah dirusak. NasDem selaku partai pengusung Anies pun melaporkan temuan tersebut ke Polres Jember.

Kasat Reskrim Polres Jember AKP Dika Hadiyan Widya Wiratama memastikan telah menerima laporan NasDem Jember.

Dika memastikan akan mengusut laporan ini, tapi belum dapat menyatakan pelaku perusakan atribut politik karena akan mendalami laporan itu.

""Namun demikian, untuk kasus itu nanti akan kami dalami lebih lanjut. Sementara itu dulu,"" tambah Dika.

Sementara, foto gambar sampul unggahan video itu serupa dengan unggahan Suara.com berjudul “Akal Bulus Napi Program Asimilasi, Embat Motor Teman Modus Gantian Bonceng”.

Unggahan foto tersebut tidak terkait dengan peristiwa perusakan atribut politik Aniews Baswedan di Jember.

 Ganjar perintahkan rusak atribut Anies di Jember
 Hoaks"
Disinformasi! Video Khofifah deklarasi jadi cawapres Anies Baswedan,https://www.antaranews.com/berita/3540012/disinformasi-video-khofifah-deklarasi-jadi-cawapres-anies-baswedan,"Sebuah unggahan video di Facebook muncul di Facebook menampilkan Gubernur Jawa Timur Khofifah Indar Parawansa yang diklaim mendeklarasikan diri sebagai calon wakil presiden pendamping Anies Baswedan.

Unggahan itu menyebut Khofifah sebagai calon wapres yang diusung Partai Nasional Demokrat (NasDem).

Video awal yang muncul sejak Februari 2023 itu diunggah ulang di sejumlah akun Facebook hingga awal Mei, dan telah diputar hingga lebih dari 3.000 kali.

Berikut narasi dalam video berdurasi satu menit tersebut:
“NEWS VIRAL HARI INI ~ Baru 2 Februari 2023 ~ Khofifah Cawapres Anies Siap Deklarasi, Demokrat AHY”

Namun, benarkah Gubernur Jawa Timur Khofifah Indar Parawansi mendeklarasikan diri sebagai bakal calon wakil presiden 2024 mendampingi Anies Baswedan?

Unggahan video hoaks yang menarasikan deklarasi Khofifah Indar Parawansa sebagai bakal calon wakil presiden 2024 bersama Anies Baswedan. Faktanya, video tersebut hanya membahas pendapat pengamat politik Tony Rasyud apabila Khofifah menjadi cawapres pendamping Anies. (Facebook)


Berdasarkan penelusuran, video tersebut bukan menampilkan deklarasi Khofifah sebagai bakal calon wakil presiden Anies Baswedan. 

Unggahan itu justru membahas pendapat pengamat politik Tony Rasyud apabila Khofifah menjadi cawapres pendamping Anies pada Pilpres 2024, seperti terdapat dalam berita Warta Ekonomi.

Gubernur Jawa Timur Khofifah Indar Parawansa, seperti terdapat pada unggahan di Facebook itu, menanggapi tentang dirinya yang masuk dalam bursa cawapres dan bukan mendeklarasikan diri.

Khofifah sempat terkejut saat mengetahui namanya berpotensi mendampingi Anies Baswedan ataupun Prabowo Subianto, sebagai calon presiden dalam Pemilu 2024.

Pernyataan Khofifah di Facebook itu serupa dengan unggahan YouTube “Ekspresi Khofifah Indar Parawansa saat Tanggapi Namanya Masuk Bursa Bakal Cawapres Prabowo dan Anies”.

Dengan demikian, klaim bahwa Khofifah mendeklarasikan diri sebagai bakal calon wakil presiden pendamping Anies Baswedan merupakan keliru atau hoaks.

 Video Khofifah deklarasi jadi cawapres Anies Baswedan
 Disinformasi"
Hoaks! Presiden Jokowi non-aktifkan KPK,https://www.antaranews.com/berita/3486093/hoaks-presiden-jokowi-non-aktifkan-kpk,"Komisi Pemberantasan Korupsi (KPK) mendapatkan perhatian dari masyarakat pada April 2023 menyusul posisi Brigjen Endar Priantoro yang tidak lagi menjabat Direktur Penyelidikan di lembaga antirasuah itu, selain dugaan kebocoran dokumen penyelidikan.

Terkait perbincangan tentang KPK, muncul unggahan video di YouTube berdurasi delapan menit yang menarasikan bahwa Presiden Jokowi menonaktifkan KPK mulai 12 April 2023.

Berikut narasi dalam unggahan tersebut:
“JOKOWI RESMI NON AKTIFKAN KPK MULAI HARI INI”

Namun, benarkah Presiden Jokowi menonaktifkan KPK pada 12 April?

Unggahan video hoaks yang menarasikan Jokowi resmi menonaktifkan KPK mulai 12 April. Faktanya, video tersebut tidak sesuai dengan judul. (YouTube)


Berdasarkan penelusuran ANTARA, unggahan video delapan menit di YouTube itu tidak sesuai dengan judul.

Dalam unggahan video tersebut tidak terdapat narasi maupun video pernyataan Presiden Jokowi untuk menonaktifkan KPK.

Unggahan itu hanyalah kompilasi potongan video tentang Ketua KPK Firli Bahuri dan mantan Direktur Penyelidikan KPK Brigjen Endar Priantoro.

Salah satunya, video wawancara Brigjen Endar Priantoro setelah melaporkan Ketua KPK Firli bahuri dan Sekjen Cahya H. Harefa ke Dewas KPK terkait penerbitan surat keputusan pemberhentian Brigjen Endar dengan hormat sebagai Direktur Penyelidikan.

Potongan video itu serupa dengan unggahan KompasTV dengan judul “Brigjen Endar Laporkan Ketua dan Sekjen KPK ke Dewas, Duga Ada Pelanggaran Kode Etik”.

Selain itu, narator dalam video di YouTube itu juga membacakan artikel sebagaimana terdapat pada laporan CNN yang berjudul “Jokowi Minta KPK Jangan Buat Gaduh soal Endar: Semua Ada Aturannya.”

 Presiden Jokowi non-aktifkan KPK
 Hoaks"
